company,Industry
Jobs for Humanity,Non-profit
LATICRETE International,Wholesale Building Materials
Dice,Software Development
Recruiting from Scratch,Staffing and Recruiting
Agoda,Software Development
ClearanceJobs,Defense and Space Manufacturing
ClickJobs.io,Human Resources Services
Tata Consultancy Services,Technology
Robert Half,Staffing and Recruiting
NR Consulting,IT Services and IT Consulting
Intellectt Inc,Staffing and Recruiting
Capital One,Financial Services
Stellent IT,Staffing and Recruiting
Deloitte,Business Consulting and Services
Energy Jobline,Staffing and Recruiting
Diverse Lynx,Software Development
ACV Auctions,Software Development
Steneral Consulting,IT Services and IT Consulting
TekIntegral,Staffing and Recruiting
Software Technology Inc.,Information Technology & Services
Walmart,Retail
Coinbase,Internet Publishing
Zortech Solutions,Human Resources Services
HireTalent - Diversity Staffing & Recruiting Firm,Staffing and Recruiting
Harnham,Staffing and Recruiting
Extend Information Systems Inc.,IT Services and IT Consulting
MillenniumSoft Inc,Staffing and Recruiting
DeRisk Technologies,IT Services and IT Consulting
Cushman & Wakefield,Real Estate
Kforce Inc,IT Services and IT Consulting
Intuit,Technology
Jobot,Staffing and Recruiting
The Judge Group,Staffing and Recruiting
Amazon,Software Development
SPECTRAFORCE,Staffing and Recruiting
CERES Group,IT Services and IT Consulting
Michael Page,Staffing and Recruiting
EY,IT Services and IT Consulting
Nigel Frank International,Nigel Frank International
WinMax,Staffing and Recruiting
2-10 Home Buyers Warranty,Insurance
USAA,Financial Services
"The Dignify Solutions, LLC",IT Services and IT Consulting
Elevance Health,Healthcare
Wells Fargo,Financial Services
Vanguard,Financial Services
Insight Global,Staffing and Recruiting
CareerBeacon,Human Resources Services
Latitude Inc,Staffing and Recruiting
BioSpace,Internet News
Accroid Inc,IT Services and IT Consulting
Capleo Global,Business Consulting and Services
Apex Systems,Apex Systems
YourCode - Award Winning IT & Digital Consultancy,Staffing and Recruiting
Futran Solutions,Information Technology & Services
CACI International Inc,IT Services and IT Consulting
Wise Skulls,Staffing and Recruiting
Guidehouse,Business Consulting and Services
Stripe,"Technology, Information and Internet"
"Sunrise Systems, Inc.",IT Services and IT Consulting
Compunnel Inc.,IT Services and IT Consulting
Atlassian,Software Development
Digital Waffle,Staffing and Recruiting
Avani Tech Solutions Private Limited,Software Development
Bluebeacontruckwash,Motor Vehicle Manufacturing
Experfy,IT Services and IT Consulting
Cognizant,IT Services and IT Consulting
JLL,Real Estate
MatchaTalent,Staffing and Recruiting
Talent,Staffing and Recruiting
The Walt Disney Company,Entertainment
Jobs via eFinancialCareers,Staffing and Recruiting
Hexaware Technologies,Hexaware Technologies
Russell Tobin,Staffing and Recruiting
Tesla,Motor Vehicle Manufacturing
"V-Soft Consulting Group, Inc.",IT Services and IT Consulting
PwC,Business Consulting and Services
"Logic20/20, Inc.",IT Services and IT Consulting
LTI - Larsen & Toubro Infotech,IT Services and IT Consulting
AbbVie,Pharmaceutical
Kaiser Permanente,Healthcare
Spanco Solutions,IT Services and IT Consulting
Brooksource,IT Services and IT Consulting
The Johns Hopkins University,Education
TechTammina LLC,IT Services and IT Consulting
CVS Health,Healthcare
Adame Services LLC,Staffing and Recruiting
Medpace,Pharmaceutical
Strategic Staffing Solutions,IT Services and IT Consulting
DivIHN Integration Inc,Software Development
Software People Inc.,IT Services and IT Consulting
CGI,IT Services and IT Consulting
Lennar,Real Estate
Aditi Consulting,IT Services and IT Consulting
Cobblestone Energy,Energy
Alrek Business Solutions Inc,Staffing and Recruiting
Experis,Staffing and Recruiting
ByteDance,Software Development
Fraser Health Authority,Healthcare
Provincial Health Services Authority,Healthcare
Capgemini,IT Services and IT Consulting
Infosys,IT Services and IT Consulting
"Amick Brown - SAP, Cloud Technologies and Business Intelligence Staffing & Consulting",Information Technology & Services
Ekodus,Information Technology & Services
Intact,Insurance
Professional Diversity Network,Staffing and Recruiting
University of Utah,Education
Genpact,Business Consulting and Services
NVIDIA,Computer Hardware Manufacturing
U.S. Bank,Banking
eTeam,Staffing and Recruiting
Kellton,IT Services and IT Consulting
Voxmediallc,Healthcare
iTech Solutions,Information Technology & Services
ASK Consulting,Staffing and Recruiting
Amtex Systems Inc.,IT Services and IT Consulting
Huntington National Bank,Banking
Syrinx Consulting,Information Technology & Services
Avanade,IT Services and IT Consulting
Executive Staff Recruiters / ESR Healthcare,Healthcare
Apexon,IT Services and IT Consulting
LTIMindtree,IT Services and IT Consulting
"Liberty Personnel Services, Inc.",Staffing and Recruiting
City of New York,Government Administration
FIS,Banking
"Conch Technologies, Inc",IT Services and IT Consulting
Yale University,Education
Prohires,Outsourcing
Stanford University,Education
PSRTEK,IT Services and IT Consulting
Sonitalent Corp,IT Services and IT Consulting
Stanford University School of Medicine,Education
Motion Recruitment,Motion Recruitment
MMS,Pharmaceutical
Health eCareers,Staffing and Recruiting
TravelNurseSource,Healthcare
Dollar General,Retail
PracticeLink,Energy
Gotham Enterprises Ltd,Healthcare
McDonald's,Restaurants
VolunteerMatch,Non-profit
DocCafe,Staffing and Recruiting
H&R Block,Retail
Circle K,Retail
CyberCoders,CyberCoders
Family Dollar,Retail
U.S. Department of Veterans Affairs,Government Administration
BCG Attorney Search,Legal Services
Target,Retail
HDR,Design Services
Texas Roadhouse,Restaurants
CompHealth,Staffing and Recruiting
GameStop,Retail
Epic,Software Development
Stantec,Design Services
Fusion Medical Staffing,Staffing and Recruiting
Dollar Tree Stores,Retail
"Bob Evans Restaurants, LLC",Restaurants
Hackensack Meridian Health,Healthcare
Sally Beauty,Retail
"Burlington Stores, Inc.",Retail
"Lowe's Companies, Inc.",Retail
"Varsity Tutors, a Nerdy Company","Technology, Information and Internet"
AutoZone,Retail
Aerotek,Staffing and Recruiting
Goodwin Recruiting,Staffing and Recruiting
Actalent,Business Consulting and Services
Northrop Grumman,Defense and Space Manufacturing
Denny's,Restaurants
WIS International,Retail
The Home Depot,Retail
Trinity Health,Healthcare
"Ross Stores, Inc.",Retail
Sanctuary Personnel,Staffing and Recruiting
Workforce Australia for Individuals,Government Administration
Fresenius Medical Care North America,Healthcare
Indian Health Service,Healthcare
rue21,Retail
JobsInLogistics.com,Non-profit
Taproot Foundation,Non-profit
Olive Garden,Restaurants
BayCare Health System,Healthcare
"Monro, Inc.",Vehicle Repair and Maintenance
Petco,Retail
Spencer's,Food Services
Aramark,Hospitality
Banfield Pet Hospital,Non-profit
Panda Restaurant Group,Restaurants
Whataburger,Healthcare
Eastern Connecticut Health Network (ECHN),Healthcare
Coast Medical Service,Healthcare
Ascension,Healthcare
"Host Healthcare, Inc.",Healthcare
Journeys,Retail
Michaels Stores,Retail
Public Practice Recruitment Ltd - Experts in Public Practice Accountancy Recruitment UK-Wide,Staffing and Recruiting
Henry Ford Health,Healthcare
Dentrust Optimized Care Solutions,Healthcare
Somerset NHS Foundation Trust,Healthcare
"IRS, Office of Chief Counsel",Healthcare
Community Health Systems,Healthcare
Planet Healthcare,Staffing and Recruiting
Tenet Healthcare,Healthcare
Life Time Inc.,Wellness and Fitness Services
Sutter Health,Healthcare
JDHuntr In-House Counsel Jobs,Staffing and Recruiting
Ladgov Corporation,Professional Services
LongHorn Steakhouse,Restaurants
Panera Bread,Restaurants
JE Dunn Construction,Construction
"Northeast Healthcare Recruitment, Inc.",Healthcare